Name,Actual,Predicted
-K/F_1.png,-K,-K
-K/F_10.png,-K,-K
-K/F_100.png,-K,FN
-K/F_11.png,-K,-K
-K/F_12.png,-K,FN
-K/F_13.png,-K,-K
-K/F_14.png,-K,-K
-K/F_15.png,-K,-K
-K/F_16.png,-K,-K
-K/F_17.png,-K,-K
-K/F_18.png,-K,FN
-K/F_19.png,-K,-K
-K/F_2.png,-K,-K
-K/F_20.png,-K,-K
-K/F_21.png,-K,-K
-K/F_22.png,-K,-K
-K/F_23.png,-K,-K
-K/F_24.png,-K,-K
-K/F_25.png,-K,FN
-K/F_26.png,-K,-K
-K/F_27.png,-K,-K
-K/F_28.png,-K,FN
-K/F_29.png,-K,-K
-K/F_3.png,-K,-K
-K/F_30.png,-K,FN
-K/F_31.png,-K,-K
-K/F_32.png,-K,-K
-K/F_33.png,-K,-K
-K/F_34.png,-K,-K
-K/F_35.png,-K,-K
-K/F_36.png,-K,-K
-K/F_37.png,-K,-K
-K/F_38.png,-K,-K
-K/F_39.png,-K,-K
-K/F_4.png,-K,FN
-K/F_40.png,-K,-K
-K/F_41.png,-K,FN
-K/F_42.png,-K,FN
-K/F_43.png,-K,-K
-K/F_44.png,-K,FN
-K/F_45.png,-K,FN
-K/F_46.png,-K,-K
-K/F_47.png,-K,-K
-K/F_48.png,-K,FN
-K/F_49.png,-K,-K
-K/F_5.png,-K,FN
-K/F_50.png,-K,FN
-K/F_51.png,-K,-K
-K/F_52.png,-K,-K
-K/F_53.png,-K,-K
-K/F_54.png,-K,-K
-K/F_55.png,-K,-K
-K/F_56.png,-K,FN
-K/F_57.png,-K,-K
-K/F_58.png,-K,-K
-K/F_59.png,-K,-K
-K/F_6.png,-K,-K
-K/F_60.png,-K,-K
-K/F_61.png,-K,-K
-K/F_62.png,-K,-K
-K/F_63.png,-K,-K
-K/F_64.png,-K,-K
-K/F_65.png,-K,FN
-K/F_66.png,-K,FN
-K/F_67.png,-K,FN
-K/F_68.png,-K,FN
-K/F_69.png,-K,FN
-K/F_7.png,-K,-K
-K/F_70.png,-K,-K
-K/F_71.png,-K,-K
-K/F_72.png,-K,-K
-K/F_73.png,-K,-K
-K/F_74.png,-K,FN
-K/F_75.png,-K,FN
-K/F_76.png,-K,FN
-K/F_77.png,-K,-K
-K/F_78.png,-K,FN
-K/F_79.png,-K,-K
-K/F_8.png,-K,-K
-K/F_80.png,-K,-K
-K/F_81.png,-K,-K
-K/F_82.png,-K,-K
-K/F_83.png,-K,-K
-K/F_84.png,-K,FN
-K/F_85.png,-K,-K
-K/F_86.png,-K,FN
-K/F_87.png,-K,FN
-K/F_88.png,-K,-K
-K/F_89.png,-K,-K
-K/F_9.png,-K,-K
-K/F_90.png,-K,-K
-K/F_91.png,-K,-K
-K/F_92.png,-K,FN
-K/F_93.png,-K,-K
-K/F_94.png,-K,FN
-K/F_95.png,-K,-K
-K/F_96.png,-K,-K
-K/F_97.png,-K,FN
-K/F_98.png,-K,-K
-K/F_99.png,-K,-K
-K/WF_101.png,-K,-K
-K/WF_102.png,-K,-K
-K/WF_103.png,-K,-K
-K/WF_104.png,-K,-K
-K/WF_105.png,-K,FN
-K/WF_106.png,-K,-K
-K/WF_107.png,-K,-K
-K/WF_108.png,-K,-K
-K/WF_109.png,-K,-K
-K/WF_110.png,-K,-K
-K/WF_111.png,-K,-K
-K/WF_112.png,-K,-K
-K/WF_113.png,-K,-K
-K/WF_114.png,-K,FN
-K/WF_115.png,-K,FN
-K/WF_116.png,-K,-K
-K/WF_117.png,-K,-K
-K/WF_118.png,-K,-K
-K/WF_119.png,-K,-K
-K/WF_120.png,-K,FN
-K/WF_121.png,-K,-K
-K/WF_122.png,-K,-K
-K/WF_123.png,-K,-K
-K/WF_124.png,-K,-K
-K/WF_125.png,-K,FN
-K/WF_126.png,-K,FN
-K/WF_127.png,-K,-K
-K/WF_128.png,-K,-K
-K/WF_129.png,-K,-K
-K/WF_130.png,-K,-K
-K/WF_131.png,-K,FN
-K/WF_132.png,-K,FN
-K/WF_133.png,-K,FN
-K/WF_134.png,-K,-K
-K/WF_135.png,-K,FN
-K/WF_136.png,-K,FN
-K/WF_137.png,-K,-K
-K/WF_138.png,-K,-K
-K/WF_139.png,-K,FN
-K/WF_140.png,-K,FN
-K/WF_141.png,-K,FN
-K/WF_142.png,-K,FN
-K/WF_143.png,-K,-K
-K/WF_144.png,-K,-K
-K/WF_145.png,-K,FN
-K/WF_146.png,-K,-K
-K/WF_147.png,-K,-K
-K/WF_148.png,-K,-K
-K/WF_149.png,-K,-K
-K/WF_150.png,-K,-K
-K/WF_151.png,-K,-K
-K/WF_152.png,-K,FN
-K/WF_153.png,-K,-K
-K/WF_154.png,-K,FN
-K/WF_155.png,-K,-K
-K/WF_156.png,-K,FN
-K/WF_157.png,-K,-K
-K/WF_158.png,-K,-K
-K/WF_159.png,-K,FN
-K/WF_160.png,-K,FN
-K/WF_161.png,-K,-K
-K/WF_162.png,-K,-K
-K/WF_163.png,-K,-K
-K/WF_164.png,-K,-K
-K/WF_165.png,-K,-K
-K/WF_166.png,-K,FN
-K/WF_167.png,-K,-K
-K/WF_168.png,-K,-K
-K/WF_169.png,-K,-K
-K/WF_170.png,-K,-K
-K/WF_171.png,-K,FN
-K/WF_172.png,-K,-K
-K/WF_173.png,-K,FN
-K/WF_174.png,-K,-K
-K/WF_175.png,-K,FN
-K/WF_176.png,-K,FN
-K/WF_177.png,-K,-K
-K/WF_178.png,-K,-K
-K/WF_179.png,-K,FN
-K/WF_180.png,-K,-K
-K/WF_181.png,-K,-K
-K/WF_182.png,-K,FN
-K/WF_183.png,-K,-K
-K/WF_184.png,-K,-K
-K/WF_185.png,-K,FN
-K/WF_186.png,-K,FN
-K/WF_187.png,-K,-K
-K/WF_188.png,-K,-K
-K/WF_189.png,-K,FN
-K/WF_190.png,-K,-K
-K/WF_191.png,-K,-K
-K/WF_192.png,-K,-K
-K/WF_193.png,-K,-K
-K/WF_194.png,-K,FN
-K/WF_195.png,-K,-K
-K/WF_196.png,-K,FN
-K/WF_197.png,-K,FN
-K/WF_198.png,-K,-K
-K/WF_199.png,-K,-K
-K/WF_200.png,-K,-K
-N/F_1.png,-N,FN
-N/F_10.png,-N,FN
-N/F_100.png,-N,FN
-N/F_11.png,-N,FN
-N/F_12.png,-N,FN
-N/F_13.png,-N,FN
-N/F_14.png,-N,FN
-N/F_15.png,-N,FN
-N/F_16.png,-N,FN
-N/F_17.png,-N,FN
-N/F_18.png,-N,FN
-N/F_19.png,-N,FN
-N/F_2.png,-N,-N
-N/F_20.png,-N,FN
-N/F_21.png,-N,FN
-N/F_22.png,-N,FN
-N/F_23.png,-N,FN
-N/F_24.png,-N,FN
-N/F_25.png,-N,FN
-N/F_26.png,-N,FN
-N/F_27.png,-N,FN
-N/F_28.png,-N,FN
-N/F_29.png,-N,FN
-N/F_3.png,-N,FN
-N/F_30.png,-N,FN
-N/F_31.png,-N,FN
-N/F_32.png,-N,FN
-N/F_33.png,-N,FN
-N/F_34.png,-N,FN
-N/F_35.png,-N,FN
-N/F_36.png,-N,FN
-N/F_37.png,-N,FN
-N/F_38.png,-N,FN
-N/F_39.png,-N,FN
-N/F_4.png,-N,FN
-N/F_40.png,-N,FN
-N/F_41.png,-N,FN
-N/F_42.png,-N,FN
-N/F_43.png,-N,FN
-N/F_44.png,-N,FN
-N/F_45.png,-N,FN
-N/F_46.png,-N,FN
-N/F_47.png,-N,FN
-N/F_48.png,-N,FN
-N/F_49.png,-N,FN
-N/F_5.png,-N,FN
-N/F_50.png,-N,FN
-N/F_51.png,-N,FN
-N/F_52.png,-N,-N
-N/F_53.png,-N,FN
-N/F_54.png,-N,FN
-N/F_55.png,-N,FN
-N/F_56.png,-N,FN
-N/F_57.png,-N,FN
-N/F_58.png,-N,FN
-N/F_59.png,-N,FN
-N/F_6.png,-N,FN
-N/F_60.png,-N,-K
-N/F_61.png,-N,FN
-N/F_62.png,-N,FN
-N/F_63.png,-N,FN
-N/F_64.png,-N,FN
-N/F_65.png,-N,FN
-N/F_66.png,-N,FN
-N/F_67.png,-N,-K
-N/F_68.png,-N,-N
-N/F_69.png,-N,FN
-N/F_7.png,-N,FN
-N/F_70.png,-N,FN
-N/F_71.png,-N,FN
-N/F_72.png,-N,FN
-N/F_73.png,-N,FN
-N/F_74.png,-N,FN
-N/F_75.png,-N,FN
-N/F_76.png,-N,-N
-N/F_77.png,-N,FN
-N/F_78.png,-N,-N
-N/F_79.png,-N,FN
-N/F_8.png,-N,FN
-N/F_80.png,-N,-N
-N/F_81.png,-N,FN
-N/F_82.png,-N,FN
-N/F_83.png,-N,FN
-N/F_84.png,-N,FN
-N/F_85.png,-N,-N
-N/F_86.png,-N,FN
-N/F_87.png,-N,FN
-N/F_88.png,-N,-N
-N/F_89.png,-N,FN
-N/F_9.png,-N,-N
-N/F_90.png,-N,FN
-N/F_91.png,-N,FN
-N/F_92.png,-N,FN
-N/F_93.png,-N,FN
-N/F_94.png,-N,FN
-N/F_95.png,-N,-K
-N/F_96.png,-N,FN
-N/F_97.png,-N,FN
-N/F_98.png,-N,FN
-N/F_99.png,-N,-N
-N/WF_101.png,-N,FN
-N/WF_102.png,-N,-N
-N/WF_103.png,-N,-N
-N/WF_104.png,-N,FN
-N/WF_105.png,-N,FN
-N/WF_106.png,-N,-N
-N/WF_107.png,-N,FN
-N/WF_108.png,-N,FN
-N/WF_109.png,-N,FN
-N/WF_110.png,-N,FN
-N/WF_111.png,-N,FN
-N/WF_112.png,-N,FN
-N/WF_113.png,-N,FN
-N/WF_114.png,-N,FN
-N/WF_115.png,-N,-N
-N/WF_116.png,-N,FN
-N/WF_117.png,-N,FN
-N/WF_118.png,-N,-N
-N/WF_119.png,-N,-N
-N/WF_120.png,-N,FN
-N/WF_121.png,-N,-N
-N/WF_122.png,-N,FN
-N/WF_123.png,-N,FN
-N/WF_124.png,-N,FN
-N/WF_125.png,-N,-N
-N/WF_126.png,-N,FN
-N/WF_127.png,-N,FN
-N/WF_128.png,-N,FN
-N/WF_129.png,-N,FN
-N/WF_130.png,-N,FN
-N/WF_131.png,-N,-N
-N/WF_132.png,-N,-N
-N/WF_133.png,-N,FN
-N/WF_134.png,-N,FN
-N/WF_135.png,-N,FN
-N/WF_136.png,-N,FN
-N/WF_137.png,-N,FN
-N/WF_138.png,-N,FN
-N/WF_139.png,-N,FN
-N/WF_140.png,-N,FN
-N/WF_141.png,-N,FN
-N/WF_142.png,-N,FN
-N/WF_143.png,-N,FN
-N/WF_144.png,-N,FN
-N/WF_145.png,-N,FN
-N/WF_146.png,-N,FN
-N/WF_147.png,-N,FN
-N/WF_148.png,-N,FN
-N/WF_149.png,-N,FN
-N/WF_150.png,-N,FN
-N/WF_151.png,-N,FN
-N/WF_152.png,-N,FN
-N/WF_153.png,-N,-N
-N/WF_154.png,-N,FN
-N/WF_155.png,-N,FN
-N/WF_156.png,-N,FN
-N/WF_157.png,-N,-N
-N/WF_158.png,-N,FN
-N/WF_159.png,-N,FN
-N/WF_160.png,-N,-N
-N/WF_161.png,-N,FN
-N/WF_162.png,-N,FN
-N/WF_163.png,-N,FN
-N/WF_164.png,-N,FN
-N/WF_165.png,-N,-N
-N/WF_166.png,-N,FN
-N/WF_167.png,-N,FN
-N/WF_168.png,-N,FN
-N/WF_169.png,-N,FN
-N/WF_170.png,-N,FN
-N/WF_171.png,-N,-N
-N/WF_172.png,-N,FN
-N/WF_173.png,-N,-N
-N/WF_174.png,-N,FN
-N/WF_175.png,-N,FN
-N/WF_176.png,-N,FN
-N/WF_177.png,-N,FN
-N/WF_178.png,-N,-N
-N/WF_179.png,-N,FN
-N/WF_180.png,-N,FN
-N/WF_181.png,-N,FN
-N/WF_182.png,-N,FN
-N/WF_183.png,-N,FN
-N/WF_184.png,-N,FN
-N/WF_185.png,-N,FN
-N/WF_186.png,-N,FN
-N/WF_187.png,-N,FN
-N/WF_188.png,-N,-N
-N/WF_189.png,-N,FN
-N/WF_190.png,-N,FN
-N/WF_191.png,-N,FN
-N/WF_192.png,-N,FN
-N/WF_193.png,-N,FN
-N/WF_194.png,-N,-N
-N/WF_195.png,-N,FN
-N/WF_196.png,-N,FN
-N/WF_197.png,-N,FN
-N/WF_198.png,-N,FN
-N/WF_199.png,-N,FN
-N/WF_200.png,-N,FN
FN/F_1.png,FN,FN
FN/F_10.png,FN,FN
FN/F_100.png,FN,FN
FN/F_11.png,FN,FN
FN/F_12.png,FN,FN
FN/F_13.png,FN,FN
FN/F_14.png,FN,FN
FN/F_15.png,FN,FN
FN/F_16.png,FN,FN
FN/F_17.png,FN,FN
FN/F_18.png,FN,FN
FN/F_19.png,FN,FN
FN/F_2.png,FN,FN
FN/F_20.png,FN,FN
FN/F_21.png,FN,-K
FN/F_22.png,FN,FN
FN/F_23.png,FN,FN
FN/F_24.png,FN,FN
FN/F_25.png,FN,FN
FN/F_26.png,FN,FN
FN/F_27.png,FN,FN
FN/F_28.png,FN,FN
FN/F_29.png,FN,FN
FN/F_3.png,FN,FN
FN/F_30.png,FN,FN
FN/F_31.png,FN,FN
FN/F_32.png,FN,FN
FN/F_33.png,FN,FN
FN/F_34.png,FN,FN
FN/F_35.png,FN,FN
FN/F_36.png,FN,FN
FN/F_37.png,FN,FN
FN/F_38.png,FN,FN
FN/F_39.png,FN,FN
FN/F_4.png,FN,FN
FN/F_40.png,FN,FN
FN/F_41.png,FN,FN
FN/F_42.png,FN,FN
FN/F_43.png,FN,FN
FN/F_44.png,FN,FN
FN/F_45.png,FN,FN
FN/F_46.png,FN,FN
FN/F_47.png,FN,FN
FN/F_48.png,FN,FN
FN/F_49.png,FN,FN
FN/F_5.png,FN,FN
FN/F_50.png,FN,FN
FN/F_51.png,FN,FN
FN/F_52.png,FN,FN
FN/F_53.png,FN,FN
FN/F_54.png,FN,FN
FN/F_55.png,FN,FN
FN/F_56.png,FN,FN
FN/F_57.png,FN,FN
FN/F_58.png,FN,FN
FN/F_59.png,FN,FN
FN/F_6.png,FN,FN
FN/F_60.png,FN,FN
FN/F_61.png,FN,FN
FN/F_62.png,FN,FN
FN/F_63.png,FN,FN
FN/F_64.png,FN,FN
FN/F_65.png,FN,FN
FN/F_66.png,FN,FN
FN/F_67.png,FN,FN
FN/F_68.png,FN,FN
FN/F_69.png,FN,FN
FN/F_7.png,FN,FN
FN/F_70.png,FN,FN
FN/F_71.png,FN,FN
FN/F_72.png,FN,FN
FN/F_73.png,FN,FN
FN/F_74.png,FN,FN
FN/F_75.png,FN,FN
FN/F_76.png,FN,FN
FN/F_77.png,FN,FN
FN/F_78.png,FN,FN
FN/F_79.png,FN,FN
FN/F_8.png,FN,FN
FN/F_80.png,FN,FN
FN/F_81.png,FN,FN
FN/F_82.png,FN,FN
FN/F_83.png,FN,FN
FN/F_84.png,FN,FN
FN/F_85.png,FN,FN
FN/F_86.png,FN,FN
FN/F_87.png,FN,FN
FN/F_88.png,FN,FN
FN/F_89.png,FN,FN
FN/F_9.png,FN,FN
FN/F_90.png,FN,FN
FN/F_91.png,FN,FN
FN/F_92.png,FN,FN
FN/F_93.png,FN,FN
FN/F_94.png,FN,FN
FN/F_95.png,FN,FN
FN/F_96.png,FN,FN
FN/F_97.png,FN,FN
FN/F_98.png,FN,FN
FN/F_99.png,FN,FN
FN/WF_101.png,FN,FN
FN/WF_102.png,FN,FN
FN/WF_103.png,FN,FN
FN/WF_104.png,FN,FN
FN/WF_105.png,FN,FN
FN/WF_106.png,FN,FN
FN/WF_107.png,FN,FN
FN/WF_108.png,FN,FN
FN/WF_109.png,FN,FN
FN/WF_110.png,FN,FN
FN/WF_111.png,FN,FN
FN/WF_112.png,FN,FN
FN/WF_113.png,FN,FN
FN/WF_114.png,FN,FN
FN/WF_115.png,FN,FN
FN/WF_116.png,FN,FN
FN/WF_117.png,FN,FN
FN/WF_118.png,FN,FN
FN/WF_119.png,FN,FN
FN/WF_120.png,FN,FN
FN/WF_121.png,FN,FN
FN/WF_122.png,FN,FN
FN/WF_123.png,FN,FN
FN/WF_124.png,FN,FN
FN/WF_125.png,FN,FN
FN/WF_126.png,FN,FN
FN/WF_127.png,FN,FN
FN/WF_128.png,FN,FN
FN/WF_129.png,FN,FN
FN/WF_130.png,FN,FN
FN/WF_131.png,FN,FN
FN/WF_132.png,FN,FN
FN/WF_133.png,FN,FN
FN/WF_134.png,FN,FN
FN/WF_135.png,FN,FN
FN/WF_136.png,FN,FN
FN/WF_137.png,FN,FN
FN/WF_138.png,FN,FN
FN/WF_139.png,FN,FN
FN/WF_140.png,FN,FN
FN/WF_141.png,FN,FN
FN/WF_142.png,FN,FN
FN/WF_143.png,FN,FN
FN/WF_144.png,FN,FN
FN/WF_145.png,FN,FN
FN/WF_146.png,FN,FN
FN/WF_147.png,FN,FN
FN/WF_148.png,FN,FN
FN/WF_149.png,FN,FN
FN/WF_150.png,FN,FN
FN/WF_151.png,FN,FN
FN/WF_152.png,FN,FN
FN/WF_153.png,FN,FN
FN/WF_154.png,FN,FN
FN/WF_155.png,FN,FN
FN/WF_156.png,FN,FN
FN/WF_157.png,FN,FN
FN/WF_158.png,FN,FN
FN/WF_159.png,FN,FN
FN/WF_160.png,FN,FN
FN/WF_161.png,FN,FN
FN/WF_162.png,FN,FN
FN/WF_163.png,FN,FN
FN/WF_164.png,FN,FN
FN/WF_165.png,FN,FN
FN/WF_166.png,FN,FN
FN/WF_167.png,FN,FN
FN/WF_168.png,FN,FN
FN/WF_169.png,FN,FN
FN/WF_170.png,FN,FN
FN/WF_171.png,FN,FN
FN/WF_172.png,FN,FN
FN/WF_173.png,FN,FN
FN/WF_174.png,FN,FN
FN/WF_175.png,FN,FN
FN/WF_176.png,FN,-K
FN/WF_177.png,FN,FN
FN/WF_178.png,FN,FN
FN/WF_179.png,FN,FN
FN/WF_180.png,FN,FN
FN/WF_181.png,FN,FN
FN/WF_182.png,FN,FN
FN/WF_183.png,FN,FN
FN/WF_184.png,FN,FN
FN/WF_185.png,FN,FN
FN/WF_186.png,FN,FN
FN/WF_187.png,FN,FN
FN/WF_188.png,FN,FN
FN/WF_189.png,FN,FN
FN/WF_190.png,FN,FN
FN/WF_191.png,FN,FN
FN/WF_192.png,FN,FN
FN/WF_193.png,FN,FN
FN/WF_194.png,FN,FN
FN/WF_195.png,FN,FN
FN/WF_196.png,FN,FN
FN/WF_197.png,FN,FN
FN/WF_198.png,FN,FN
FN/WF_199.png,FN,FN
FN/WF_200.png,FN,FN
